<?xml version="1.0" encoding="UTF-8"?>
<project-private xmlns="http://www.netbeans.org/ns/project-private/1">
    <editor-bookmarks xmlns="http://www.netbeans.org/ns/editor-bookmarks/2" lastBookmarkId="0"/>
    <open-files xmlns="http://www.netbeans.org/ns/projectui-open-files/2">
        <group>
            <file>file:/C:/Users/msi/Documents/NetBeansProjects/CoffeeShop/web/images/cafe-americano.jpg</file>
            <file>file:/C:/Users/msi/Documents/NetBeansProjects/CoffeeShop/src/java/controller/DeleteProductServlet.java</file>
            <file>file:/C:/Users/msi/Documents/NetBeansProjects/CoffeeShop/src/java/controller/CategoryServlet.java</file>
            <file>file:/C:/Users/msi/Documents/NetBeansProjects/CoffeeShop/web/header.jsp</file>
            <file>file:/C:/Users/msi/Documents/NetBeansProjects/CoffeeShop/web/profile.jsp</file>
            <file>file:/C:/Users/msi/Documents/NetBeansProjects/CoffeeShop/src/java/controller/AddCategory.java</file>
            <file>file:/C:/Users/msi/Documents/NetBeansProjects/CoffeeShop/src/java/model/Shipping.java</file>
            <file>file:/C:/Users/msi/Documents/NetBeansProjects/CoffeeShop/src/java/model/Cart.java</file>
            <file>file:/C:/Users/msi/Documents/NetBeansProjects/CoffeeShop/web/register.jsp</file>
            <file>file:/C:/Users/msi/Documents/NetBeansProjects/CoffeeShop/src/java/controller/DeleteCategory.java</file>
            <file>file:/C:/Users/msi/Documents/NetBeansProjects/CoffeeShop/src/java/model/Account.java</file>
            <file>file:/C:/Users/msi/Documents/NetBeansProjects/CoffeeShop/web/product.jsp</file>
            <file>file:/C:/Users/msi/Documents/NetBeansProjects/CoffeeShop/web/managecategory.jsp</file>
            <file>file:/C:/Users/msi/Documents/NetBeansProjects/CoffeeShop/src/java/controller/LogoutServlet.java</file>
            <file>file:/C:/Users/msi/Documents/NetBeansProjects/CoffeeShop/src/java/controller/LoginServlet.java</file>
            <file>file:/C:/Users/msi/Documents/NetBeansProjects/CoffeeShop/src/java/dal/DAOCategory.java</file>
            <file>file:/C:/Users/msi/Documents/NetBeansProjects/CoffeeShop/src/java/controller/RegisterServlet.java</file>
            <file>file:/C:/Users/msi/Documents/NetBeansProjects/CoffeeShop/src/java/controller/AddProduct.java</file>
            <file>file:/C:/Users/msi/Documents/NetBeansProjects/CoffeeShop/src/java/controller/ManageCategoryServlet.java</file>
            <file>file:/C:/Users/msi/Documents/NetBeansProjects/CoffeeShop/src/java/controller/DetailServlet.java</file>
            <file>file:/C:/Users/msi/Documents/NetBeansProjects/CoffeeShop/src/java/model/OrderDetail.java</file>
            <file>file:/C:/Users/msi/Documents/NetBeansProjects/CoffeeShop/web/newcate.jsp</file>
            <file>file:/C:/Users/msi/Documents/NetBeansProjects/CoffeeShop/src/java/controller/UpdateProductServlet.java</file>
            <file>file:/C:/Users/msi/Documents/NetBeansProjects/CoffeeShop/src/java/controller/UpdateCategory.java</file>
            <file>file:/C:/Users/msi/Documents/NetBeansProjects/CoffeeShop/web/manageproduct.jsp</file>
            <file>file:/C:/Users/msi/Documents/NetBeansProjects/CoffeeShop/src/java/dal/DAO.java</file>
            <file>file:/C:/Users/msi/Documents/NetBeansProjects/CoffeeShop/src/java/dal/DAOCart.java</file>
            <file>file:/C:/Users/msi/Documents/NetBeansProjects/CoffeeShop/web/home.jsp</file>
            <file>file:/C:/Users/msi/Documents/NetBeansProjects/CoffeeShop/web/detail.jsp</file>
            <file>file:/C:/Users/msi/Documents/NetBeansProjects/CoffeeShop/src/java/model/Product.java</file>
            <file>file:/C:/Users/msi/Documents/NetBeansProjects/CoffeeShop/web/login.jsp</file>
            <file>file:/C:/Users/msi/Documents/NetBeansProjects/CoffeeShop/web/newpro.jsp</file>
            <file>file:/C:/Users/msi/Documents/NetBeansProjects/CoffeeShop/web/index.html</file>
            <file>file:/C:/Users/msi/Documents/NetBeansProjects/CoffeeShop/src/java/dal/DAOAccount.java</file>
            <file>file:/C:/Users/msi/Documents/NetBeansProjects/CoffeeShop/web/images/banner1.png</file>
            <file>file:/C:/Users/msi/Documents/NetBeansProjects/CoffeeShop/src/java/Filter/LoginFilter.java</file>
            <file>file:/C:/Users/msi/Documents/NetBeansProjects/CoffeeShop/src/java/model/Category.java</file>
            <file>file:/C:/Users/msi/Documents/NetBeansProjects/CoffeeShop/src/java/model/Order.java</file>
            <file>file:/C:/Users/msi/Documents/NetBeansProjects/CoffeeShop/src/java/controller/ManageProduct.java</file>
            <file>file:/C:/Users/msi/Documents/NetBeansProjects/CoffeeShop/src/java/controller/HomeServlet.java</file>
            <file>file:/C:/Users/msi/Documents/NetBeansProjects/CoffeeShop/src/java/dal/DBContext.java</file>
            <file>file:/C:/Users/msi/Documents/NetBeansProjects/CoffeeShop/src/java/controller/ProductListServlet.java</file>
            <file>file:/C:/Users/msi/Documents/NetBeansProjects/CoffeeShop/web/updateC.jsp</file>
            <file>file:/C:/Users/msi/Documents/NetBeansProjects/CoffeeShop/web/footer.jsp</file>
            <file>file:/C:/Users/msi/Documents/NetBeansProjects/CoffeeShop/src/java/controller/NewServlet.java</file>
            <file>file:/C:/Users/msi/Documents/NetBeansProjects/CoffeeShop/src/java/controller/SearchServlet.java</file>
            <file>file:/C:/Users/msi/Documents/NetBeansProjects/CoffeeShop/web/updateP.jsp</file>
        </group>
    </open-files>
</project-private>
